id,KDRatioAttitude,headshotAttitude,damagePerRoundAttitude,assistsPerRoundAttitude,impactAttitude,kastAttitude,openingKillRatioAttitude,rating3mAttitude,ratingVStop5Attitude,ratingVStop10Attitude,ratingVStop20Attitude,ratingVStop30Attitude,ratingVStop50Attitude,totalKillsAttitude,mapsPlayedAttitude,rankingDifference,mapPicker,winner
5801,0.958,0.908,1.021,0.768,1.037,0.962,1.132,0.992,0,0,0,0,1.006,0.258,-0.053,-37,1,1
5802,0.814,0.998,0.909,0.69,0.834,0.889,0.613,0.831,0,0,0,1.022,0.864,0.513,0.542,-37,2,0
5803,0.824,1.044,0.92,0.5,0.823,0.923,0.535,0.849,0,0,0,0.686,0.707,0.842,0.865,-37,0,1
5804,0.94,1.214,0.986,0.618,0.859,0.98,0.767,0.956,0,0,0.928,0.967,0.978,0.941,0.956,2,0,1
5805,0.931,0.839,0.977,1.093,0.953,1.037,1.06,0.981,0,0,0,0,0.776,1.2,1.25,-3,2,1
5806,1.245,0.81,1.098,1.313,1.251,1.085,1.41,1.182,0,0,0,0,1.25,4.934,4,-3,1,0
5807,0.972,0.858,0.986,1.018,0.988,1.013,1.124,0.994,0,0,0,0,0.969,1.061,1.098,-3,0,0
5808,1.037,1.024,0.981,0.735,1.014,0.968,0.965,1.002,0,0,0,1.041,1.019,-7.711,-9.6,-102,2,1
5809,0.867,0.868,0.978,0.891,0.937,0.978,0.993,0.952,0,0,0,0.832,0.799,-2.082,-1.9,-102,1,1
5810,1.165,1.039,1.084,0.97,1.152,1.067,1.311,1.13,0,0,0,0,0,8.35,7.6,77,2,0
5811,1.387,1.547,1.25,1.147,1.34,1.216,0,1.346,0,0,0,0,0,7.299,5.6,77,1,0
5812,0.756,0.953,0.96,0,0.824,0.869,0.688,0.814,0,0,0,0,0,1.454,1.838,49,0,1
5813,1.788,1.071,1.121,1.475,1.179,1.271,2.621,1.391,0,0,0,1.649,1.592,-8.188,-8.6,11,0,0
5814,0.87,1.123,0.962,0.984,0.965,0.95,1.129,0.926,0,0,0.719,0.634,0.914,1.244,1.273,-25,1,1
5815,0.656,1.058,0.877,0.921,0.85,0.858,0.462,0.777,0,0,0.642,0.671,0.8,0.677,0.857,-25,2,1
5816,1.009,1.153,1.037,0.95,1.039,0.957,1.422,1.024,0,0,0,0,0,2.007,2.333,31,2,0
5817,1.122,0.998,1.005,1.477,1.243,1.1,1.64,1.149,0,0,0,0,0,1.32,1.136,31,1,0
5818,1.121,0.761,1.021,1.057,1.092,1.038,1.15,1.091,0,0,1.387,0.968,1.222,1.159,1.133,49,0,0
5819,1.113,1.003,1.039,1.145,1.035,1.073,1.079,1.072,0,0,0,0,1.092,0.326,0.1,-16,0,0
5820,1.223,0.869,1.12,1.211,1.199,1.061,1.24,1.171,1.291,1.291,1.161,1.252,1.162,0.677,0.514,23,0,0
5821,1.308,0.961,1.032,1.311,1.17,1.113,0.765,1.169,0,0,0,0,1.041,3.788,3.067,66,2,0
5822,1.324,1.081,1.121,1.103,1.207,1.175,1.407,1.279,0,0,0,0,1.223,3.108,2.3,66,1,0
5823,0.945,1.189,0.957,0.46,0.944,0.914,0.766,0.945,0,0,0,0,0,1.082,1.227,44,2,0
5824,1.26,1.056,1.108,1.016,1.286,1.065,1.37,1.199,0,0,0,0,0,4.505,3.9,44,1,0
5825,1.462,0.721,1.125,1.367,1.27,1.114,1.662,1.281,0,0,0,0,0,3.836,2.6,62,0,0
5826,1.4,0.894,1.09,1.378,1.216,1.134,0.49,1.223,0,0,0.822,1.023,1.086,9.383,7.333,114,0,1
5827,0.944,1.054,1.018,1.034,1.004,0.97,0.917,0.973,0,0,0,0,0.959,3.081,3.043,23,0,1
5828,1.047,0.99,0.992,1,1.05,0.998,1.316,1.027,0,0,0,0,0,0,-0.35,28,0,0
5829,0.628,1.191,0.897,0.937,0.823,0.867,0.484,0.759,0,0,0,0,0,0.8,1.048,-94,0,1
5830,0.93,0.935,0.956,0.905,0.925,0.981,0.896,0.944,0,0.674,0.881,0.927,0.944,1.842,1.833,2,0,0
5831,0.844,1.124,1.041,1.042,1.121,0.904,1.045,0.951,0,0,0.719,0.885,0.853,0.968,1.02,-27,0,1
5832,1.015,0.954,1.005,1.121,1.017,1,1.266,1.004,0,1.08,1.026,0.969,1.015,0.89,0.883,10,0,1
5833,0.606,1.127,0.868,0.588,0.665,0.883,0.589,0.745,0,0,0,0.465,0.561,-2.198,-1.2,-14,2,1
5834,0.959,1.158,0.993,0.875,0.965,0.954,0.561,0.96,0,0,0,0,0.922,1.181,1.1,-14,1,1
5835,1.733,0.937,1.227,1.558,1.457,1.275,1.821,1.441,0,0,0,0,1.48,7.968,5.333,66,1,0
5836,0.853,0.961,0.845,0.774,0.687,0.968,0.977,0.832,0,0,0,0,0.646,0.743,0.88,66,2,1
5837,1.083,0.793,0.983,1.15,1.05,1.033,1.221,1.047,0,0,0,0,0,0.986,0.971,66,0,1
5838,0.951,0.795,0.936,0.9,0.816,0.959,0.637,0.916,0,0,0.902,0.763,0.892,1.014,0.871,59,0,0
5839,0.818,0.888,0.986,1.115,0.919,0.928,0.727,0.883,0.878,0.736,0.845,0.867,0.859,1.271,1.556,9,0,1
5840,0.68,1.153,0.877,1.086,0.743,0.984,0.57,0.809,0,0,0,0,0.429,9.7,12.778,50,1,1
5841,1.027,0.837,0.966,1.18,1.043,1.028,1.12,1.02,0,0,0,0,0.911,3.935,3.947,50,2,0
5842,0.793,0.777,0.916,0.954,0.868,0.957,0.753,0.877,0,0,0,0,0.893,4.073,5,50,0,1
5843,0.86,0.979,0.935,0.833,0.913,0.913,1.048,0.892,0,0,0.576,0.695,0.822,0.855,0.839,12,0,1
5844,1.098,1.032,1.06,1.154,1.02,1.091,1.468,1.101,0,0,0,0,1.281,0.863,0.889,-50,1,1
5845,1.159,0.778,1.097,1.3,1.175,1.063,1.142,1.151,0,0,0,0,1.343,0.692,0.679,-50,2,0
5846,1.047,1.022,1.022,1.035,1.037,1.013,0.886,1.033,0,0,0,0,0,-0.438,-0.433,-50,0,0
5847,1.112,1.048,1.014,0.83,0.992,1.049,1.005,1.061,1.093,1.041,1.042,1.027,1.082,1.242,1.429,34,0,0
5848,1.055,0.9,1.032,0,1.228,1.017,1.67,1.093,0,0,0,0,1.572,3.618,3,12,2,0
5849,1.686,0.731,1.219,1.314,1.151,1.348,0.661,1.371,0,0,0,0,1.214,21.324,16,12,1,0
5850,1.022,1.127,1.033,1.137,0.994,1.008,0.743,1.013,0.875,0.872,0.994,1.032,1.037,1.635,1.63,13,0,1
5851,1.024,0.996,1.055,0.61,1.094,0.946,1.988,1.025,0,0,0,0,0,-2.155,-3,34,2,1
5852,1.34,1.026,1.054,0,1.075,1.159,0,1.161,0,0,0,0,0,2.079,2,34,1,0
5853,2.355,0.936,1.298,1.274,1.585,1.234,0,1.571,0,0,0,0,0,0.584,0.5,34,0,0
5854,0.753,0.8,0.942,1.113,0.805,0.955,0.984,0.831,0,0,0,0,0,-0.474,0.154,-9,2,1
5855,1.043,0.803,0.995,1.22,1.016,1.044,1.476,1.039,0,0,0,0,0,1.137,1.081,-9,1,1
5856,0.974,0.887,0.991,0.97,1.081,0.942,0.86,0.984,0,0,0,0,0,1.714,1.72,-21,1,1
5857,0.707,0.904,0.94,0.839,0.877,0.875,0.431,0.836,0,0,0,0,0,-0.912,-0.692,-21,2,1
5858,1.374,0.896,1.18,1.509,1.212,1.244,0.933,1.276,0,0,0,0,0,1.755,1.467,-12,0,0
5859,0.941,1.156,0.951,0.781,0.928,0.978,1.74,0.953,0,0,0,0,0,-0.281,-0.73,-35,1,1
5860,0.888,0.999,0.983,0.686,0.841,0.858,0.465,0.85,0,0,0,0,0,-0.647,-0.5,-35,2,1
5861,1.612,0.656,1.332,1.861,1.533,1.166,1.493,1.371,0,0,0,0,1.214,22.939,16,102,1,0
5862,1.066,1.147,0.988,0,1.222,0.975,1.616,1.041,0,0,0,0,0.926,3.703,3.75,102,2,0
5863,0.973,1.077,0.939,0.75,0.947,0.954,0.517,0.964,0,0,0,0,1.032,0.465,0.56,55,1,1
5864,0.372,1.016,0.723,0.774,0.396,0.821,1.099,0.47,0,0,0,0,0,-5.397,-2.667,55,2,1
5865,1.239,1.064,1.038,0.8,1.034,1.042,1.277,1.101,1.269,1.227,1.123,1.144,1.101,-0.609,-0.333,2,2,0
5866,1.123,1.01,1.068,1.093,1.092,1.056,0.83,1.109,1.271,1.084,1.092,1.1,1.105,1.629,1.273,2,1,0
5867,1.065,0.919,1.034,1.073,1.043,1.006,0.869,1.036,0.946,1.07,1.038,1.028,1.026,1.136,1.083,2,2,1
5868,0.941,0.904,0.981,1.185,0.996,0.989,1.028,0.97,1.026,1.053,1.079,1.028,0.972,-0.014,-0.143,2,1,1
5869,1.11,0.843,1.05,1.25,1.177,1.011,1.147,1.089,0.989,1.072,1.027,1.033,1.067,1.109,1,2,0,0
5870,1.038,1.053,1.035,0.796,1.021,0.982,1.087,1.015,0,0,1.03,1.083,1.02,0.605,0.4,-11,2,1
5871,0.907,1.014,0.966,0.755,0.944,0.951,0.954,0.943,0.98,0.98,0.988,1.052,0.962,0.617,0.69,-11,1,1
5872,1.341,0.945,1.101,1.091,1.31,1.126,1.811,1.252,0,0,0,0,0,1,1,0,2,0
5873,1.469,0.921,1.175,1.692,1.224,1.392,0,1.399,0,0,0,0,0,2.886,2.615,0,1,0
5874,1.015,1.131,0.97,0.836,1.004,1,1.196,0.996,0,0,1.105,1.069,1.002,0.07,0.182,-16,2,0
5875,1.031,1.173,1,0.797,0.987,0.995,0.984,1.018,0,0,1.152,1.247,1.03,1.242,1.222,-16,1,1
5876,1.029,1.086,0.985,0.898,0.971,0.989,1,0.987,0,0,0.941,0.907,0.86,1.179,1.25,-16,0,1
5877,1.211,1.278,1.118,1.315,1.188,1.067,1.528,1.183,0,0,0,1.698,1.252,1.193,1,-39,1,1
5878,0.802,1.13,0.957,1.032,0.918,0.935,0.863,0.884,0,0,0,0.793,0.789,-0.091,-0.25,-39,2,1
5879,1.261,1.096,1.09,1.016,1.179,1.091,1.495,1.179,0,0,0,1.355,1.266,0.86,0.571,-32,1,1
5880,0.771,1.266,0.938,0.511,0.844,0.93,1.315,0.857,0,0,0,0,0.976,-0.92,-0.5,-32,2,1
5881,1.151,0.955,1.053,1.176,1.058,1.126,1.432,1.137,0,0,0,0,1.268,1.435,1.257,-7,2,0
5882,1.16,0.865,1.048,1.529,1.146,1.1,0.86,1.134,0,0,0,0,1.185,1.241,1.211,-7,1,0
5883,1.013,0.857,0.99,0.932,0.993,0.983,0.945,0.995,0,0,0,0.97,1.084,0.172,-0.115,-19,2,0
5884,0.905,0.927,0.981,1.123,0.932,0.978,0.803,0.942,0,0,0,0.983,0.955,0.802,0.878,-19,1,0
5885,1.562,0.726,1.139,1.442,1.495,1.307,0.924,1.511,0,0,0,0,0,8.855,6,-20,1,0
5886,1.11,0.987,1.021,0.48,1.078,1.034,0.608,1.094,0,0,0,0,0,3.13,3,-20,2,0
5887,0.957,0.97,0.975,0.918,0.932,1.017,0.941,0.976,0,0.755,0.914,0.989,0.968,-3.003,-3.278,-4,2,0
5888,1.008,1.005,0.999,0.943,1.018,1.056,0.942,1.035,1.046,1.046,0.983,1.075,1.048,0.463,0.452,-4,1,0
5889,1.183,1.112,1.052,0.984,1.094,1.111,1.51,1.146,0,0,0,1.594,1.343,3.497,3.143,94,2,0
5890,1.298,0.98,1.084,1.192,1.182,1.071,0.986,1.197,0,0,0,1.162,1.281,2.485,2,94,1,0
5891,0.821,1.04,0.935,0.966,0.875,0.889,0.621,0.84,0,0,0,0,0.975,0.361,0.295,-38,2,1
5892,1.12,1.016,1.081,0.784,1.129,1.011,0.864,1.082,0,0,0,0,1.026,1.018,0.864,-38,1,1
5893,0.778,0.917,0.902,0.638,0.729,0.922,0.621,0.791,0,0,0,0,0.8,-3.812,-2.9,-8,2,1
5894,1.025,1.081,1.028,0.841,1.006,1.032,1.246,1.047,0,0,0,0,1.1,2.387,2.241,-8,1,1
5895,0.662,1.144,0.848,0.564,0.796,0.798,1.052,0.736,0,0,0,0,0,-1.754,-0.846,-74,0,1
5896,1.112,0.995,1.117,0.962,1.133,0.988,0.162,1.086,0,0,0,0,0,2.066,1.769,22,0,0
5897,0.897,0.729,0.969,0.921,0.833,0.996,0.569,0.912,0,0,0,0.978,1.043,2.693,2.6,44,2,1
5898,1.122,0.856,1.039,0.952,1.062,1.034,0.921,1.082,0,0,0,1.101,1.146,3.325,3.286,44,1,0
5899,1.037,0.768,0.993,0.881,1.032,0.992,1.295,1.009,0,0,0,1.152,1.167,2.504,2.375,44,0,0
5900,0.499,1.266,0.835,0,0.761,0.794,0,0.71,0,0,0.71,0.71,0.71,0.791,1,5,0,1
5901,-0.489,1.112,0.536,0.333,0.117,0.533,0,0.163,0,0,0.163,0.163,0.163,0.447,1,5,0,1
5902,0.934,1.009,0.97,1.115,1.004,0.949,0.903,0.952,0,1.173,1.104,0.965,0.934,0.58,0.75,1,2,1
5903,0.957,0.97,0.992,0.946,0.958,0.98,1.15,0.979,0,0.826,0.923,0.996,0.984,0.32,0.4,1,1,1
5904,1.068,0.826,0.965,1.164,0.981,1.076,1.009,1.036,0,0,0,0,0,-2.793,-2.5,-50,2,0
5905,0.894,0.939,0.967,0.978,1.002,0.944,2.018,0.973,0,0,0,0,0.989,0.333,0.6,-50,1,1
5906,0.931,1.023,0.984,1,0.968,0.96,0.604,0.954,0,0,0,0,0,-0.828,-0.72,-50,0,1
5907,1.119,1.235,1.068,1.034,1.313,1.096,4.66,1.161,0,0,0,0,0,0.465,0.222,86,2,0
5908,0.969,1.148,0.971,0.547,0.904,0.993,0,0.955,0,0,0,0,0,1.463,1.8,86,1,1
5909,-0.681,0.788,0.712,0,0.401,0.435,0,0.179,0,0,0,0,0,-1.202,0.125,86,0,1
5910,0.969,1.001,0.993,1.189,1,1.015,0.82,0.975,0,0.828,0.976,0.956,0.996,0.6,0.5,13,2,0
5911,0.967,1.168,1.01,0.964,1.017,0.988,1.35,0.992,1.073,0.923,0.998,1.014,1.012,1.499,1.571,13,1,1
5912,0.792,1.119,0.896,0.578,0.683,0.931,0.391,0.815,0.392,0.764,0.774,0.831,0.831,0.535,0.778,13,0,0
5913,0.839,0.946,0.953,0.851,0.885,0.982,0.257,0.869,0,0,0,0,1.007,2.918,3.5,120,2,0
5914,1.181,0.929,1.059,0.746,1.194,0.988,1.205,1.103,0,0,0,0,1.319,8.698,8.5,120,1,0
5915,0.827,1.079,0.996,0.722,0.829,0.884,0.214,0.858,0,0,0,0,0,2.657,3,-58,2,1
5916,1.685,1.114,1.261,1.179,1.275,1.258,0.46,1.505,0,0,0,0,0,3.641,3,-58,1,0
5917,0.623,0.705,0.884,0.871,0.726,0.929,1.704,0.768,0,0,0,0,0,-0.318,0,-58,0,1
5918,0.882,0.872,0.999,0.952,0.922,0.94,0.772,0.907,0,0.516,0.818,0.878,0.902,0.493,0.541,-6,2,0
5919,0.871,0.85,0.975,1.016,0.95,0.927,0.743,0.898,1.089,0.897,0.907,0.923,0.934,0.828,0.716,-6,1,1
5920,0.821,0.884,0.949,1.015,0.916,0.911,0.953,0.87,0.841,0.834,0.842,0.823,0.853,0.387,0.333,-6,0,1
5921,0.95,1.229,1.038,1.156,1.222,0.966,0,1.03,0,0,0,0,0,6.34,7,108,1,1
5922,1.268,1.035,1.121,1.158,1.236,1.046,1.732,1.155,0,0,0,0,0,5.206,3.5,108,2,0
5923,1.774,1.511,1.31,2.345,0,1.327,0,1.622,0,0,0,0,0,8.473,5,108,0,0
5924,1.514,0.95,1.161,0,1.504,1.211,0,1.428,0,0,0,0,0,3.537,3,35,2,0
5925,1.283,0.622,1.037,0.833,1.448,1.01,0,1.281,0,0,0,0,0,5.7,5,35,1,0
5926,0.896,1.033,0.964,0.897,0.81,0.98,0.833,0.91,0,0,0,0,0.673,0.536,0.5,-18,2,1
5927,0.969,1.023,0.949,0.863,0.971,0.939,-0.117,0.96,0,0,0,0,0,0.586,0.611,-18,1,0
5928,1.076,1.006,1.008,1.055,0.941,1.066,0.949,1.041,0,0,0,0,0,2.563,2.667,-18,0,0
5929,1.523,0.979,1.138,1.364,1.355,1.133,1.887,1.325,0,0,0,0,0,0.734,0.938,-66,1,0
5930,1.472,0.924,1.176,0.787,1.288,1.172,2.537,1.314,0,0,0,0,0,1.044,1,-66,2,0
5931,0.939,0.844,0.969,0.852,0.931,0.946,0.68,0.933,0.847,1.073,0.925,0.901,0.906,0.786,0.867,5,2,0
5932,-0.901,0.815,0.607,0,-0.067,0.436,0,-0.008,0,-0.008,-0.008,-0.008,-0.008,0.341,1,5,1,1
5933,1.01,0.942,1.041,0.983,1.014,0.974,1.033,0.996,1.18,1.121,1.015,0.998,0.998,1.118,1.161,5,0,0
5934,1.039,0.953,1.01,0.661,0.991,0.99,0.932,1.009,0,0,1.151,0.98,1,0.64,0.444,-2,2,0
5935,1.404,0.855,1.117,1.044,1.204,1.138,1.627,1.263,0,0,0,0,1.293,0.542,0.583,-2,1,0
5936,0.525,1.073,0.823,0,0.477,0.752,1.119,0.556,0,0,0,0,0,-0.458,0,0,2,1
5937,0.063,1.288,0.668,0.305,0.349,0.821,0,0.462,0,0,0,0,0,0.768,1.2,0,1,1
5938,0.569,1.698,0.902,0.024,0.524,0.853,0,0.708,0,0,0,0,0.923,-4.354,-2.8,-110,1,1
5939,0.897,1.252,1.001,1,0.897,0.947,0,0.915,0,0,0,0,0.98,-9.034,-9.6,-110,2,1
5940,0.935,1.03,0.944,1.129,0.71,1.02,0.316,0.916,0,0,0,0.899,0.9,0.481,0.645,10,2,0
5941,1.26,0.985,1.061,1.053,1.109,1.058,0.922,1.139,0,0,0,1.163,1.115,1.221,1.135,10,1,0
5942,0.96,1.066,0.985,0.928,0.959,0.979,1.171,0.965,0,0,1.201,0.957,1.074,-0.64,-0.525,14,2,0
5943,1.345,1.07,1.147,1.047,1.194,1.126,1.674,1.247,0,0,1.438,1.477,1.492,4.364,3.5,14,1,0
5944,1.155,0.97,1.016,0.926,1.055,1.003,0,1.077,0,0,0,0,0,1.652,1.5,-58,2,1
5945,1.771,0.914,1.236,1.245,1.447,1.31,1.558,1.571,0,0,0,0,0,2.043,1.5,-58,1,0
5946,2.131,0.914,1.323,1.714,1.916,1.381,0,1.831,0,0,0,0,0,1.406,1,-58,0,0
5947,1.023,0.846,1.023,1.105,1.004,1.035,1.003,1.023,0,1.539,1.275,1.031,1.09,1.185,1.083,-2,2,1
5948,1.126,0.931,1.035,0.981,1,1.062,1.064,1.073,0,0,0,1.185,1.175,1.561,1.532,-2,1,0
5949,1.018,0.856,1.03,0.964,0.994,0.977,0.795,1,0,0,0,0.933,0.962,1.378,1.277,-2,0,1
5950,1.354,0.906,1.076,1.015,1.21,1.176,1.991,1.248,0,0,0,1.038,1.204,1.66,1.625,11,1,0
5951,1.149,0.968,0.99,1.098,1.004,1.091,0.993,1.075,0,0,0,0,1,0.739,0.82,11,2,0
5952,0.711,1.185,0.853,0.413,0.762,0.853,0.809,0.748,0,0,0,0,0,4.044,4,97,0,1
5953,1.256,1.052,1.013,0.768,0.94,1.084,0,1.154,0,0,0,0,0,1.017,1.182,-96,1,0
5954,0.858,1.179,0.885,0,0.956,0.896,1.096,0.867,0,0,0,0,0,1.609,2.167,-96,2,1
5955,1.05,1.208,1.037,1.148,0.944,1.034,1.053,1.015,0,0,0,0,0,0.731,0.6,-96,0,1
5956,0.973,1.418,0.972,1.019,0.987,0.978,0,0.955,0,0,0,0,0,1.69,1.8,5,1,0
5957,0.863,1.151,0.962,0.932,0.889,0.992,1.152,0.916,0,0,0,0,0.948,2.719,2.52,5,2,1
5958,1.161,1.148,1.011,1.2,1.128,1.001,1.533,1.08,0,0,0,0,0.849,3.526,4.833,5,0,0
5959,1.529,1.038,1.24,1.5,1.756,1.15,2.558,1.396,0,0,0,1.379,1.441,10.11,7.222,46,1,0
5960,1.018,1.006,0.998,0.774,1.029,1.009,1.026,1.022,0,0,0,0.941,1.034,2.678,2.912,46,2,1
5961,1.092,0.941,1.035,1.071,1.078,1.018,1.013,1.046,0,0,0,1.092,1.036,4.663,4.522,46,0,0
5962,0.653,0.951,0.887,0.725,0.763,0.872,0.984,0.773,0,0.746,0.795,0.797,0.795,0.715,0.833,2,2,1
5963,1.302,1.134,1.087,0.833,1.131,1.081,2.173,1.195,0,0,1.447,1.195,1.195,1.182,1,2,1,0
5964,0.892,0.919,0.944,0.894,0.899,0.966,0.714,0.922,0,0.609,0.846,0.901,0.922,1.987,2,2,0,0
5965,0.984,1.059,1.026,1.321,1.025,0.993,0.783,0.979,1.061,0.993,0.984,0.982,0.982,1.786,1.75,14,2,1
5966,1.106,0.942,1.045,0.953,1.136,1.03,2.228,1.102,1.104,0.953,1.074,1.156,1.102,1.771,1.4,14,1,1
5967,1.487,0.914,1.243,1.212,1.342,1.151,1.019,1.29,0,0,0,0,0,13.388,10.4,117,0,0
5968,0.988,1.006,1.009,0.899,1.012,0.996,0.94,0.992,0,0,0,0.793,0.92,3.014,3.382,31,2,1
5969,1.124,1.014,1.051,1.071,1.076,1.046,1.019,1.072,0,0,0,1.015,0.982,3.266,3.043,31,1,1
5970,1.136,0.737,1.03,1.264,1.056,1.073,1.108,1.09,0,0,0,1.584,1.22,0.472,0.511,8,0,0
5971,0.967,1.041,0.953,1,0.89,0.974,0.778,0.928,0,1.132,1.128,1.105,0.997,-0.071,0.033,11,2,0
5972,1.242,1.073,1.117,0.807,1.169,1.034,1.264,1.158,1.28,1.206,1.123,1.134,1.147,2.065,2,11,1,0
5973,1.046,0.944,1.032,1.131,1.03,0.98,1.02,1.013,0,1.107,1.032,1.091,1.013,0.387,0.467,2,2,1
5974,0.804,0.96,0.962,0.62,0.836,0.948,0.325,0.872,0,0.806,0.907,0.907,0.901,0.168,0.44,2,1,1
5975,1.019,1.25,1.012,1.397,1.041,1.02,1.16,1.009,0,0,0,0,0,-1.448,-1.5,-8,1,1
5976,1.167,0.919,0.991,1.033,0.804,1.129,0,1.041,0,0,0,0,0,0.13,0,-8,2,0
5977,0.564,0.998,0.839,0.418,0.753,0.764,0,0.707,0,0,0,0,0,-2.61,-2,-8,0,1
5978,0.438,1.334,0.885,0.553,0.825,0.89,0,0.713,0,0,0,0,0,4.75,5.4,59,0,1
5979,1.222,1.004,1.078,1.265,1.197,1.028,1.038,1.138,0,0,0,1.295,1.349,6.174,4.95,18,1,0
5980,0.981,0.98,0.97,1.038,0.965,1.023,1.176,0.994,0,0,0,0,0.625,0.864,0.92,18,2,1
5981,1.129,0.946,1.017,0.933,1.047,1.099,1.324,1.096,0,0,0,1.046,1.04,3.011,2.971,18,0,1
5982,1.067,1.143,1.008,1.106,1.018,1.034,0.759,1.032,0,0,1.103,1.057,1.057,1.302,1.154,13,2,0
5983,0.99,1.1,1.024,1.188,0.956,1.004,0.638,0.992,0.875,0.872,0.98,1.006,1.013,1.703,1.707,13,1,0
5984,0.988,0.957,1.008,0.983,1.065,0.96,1.444,0.994,0,0,0,0.955,0.996,1.517,1.571,52,1,0
5985,1.108,0.786,1.064,1.12,1.201,0.992,1.731,1.072,0,0,0,0.986,1.059,2.314,1.9,52,2,0
5986,1.153,0.987,1.004,0.585,1.07,1.013,1.213,1.079,0,0,0,0,0,2.524,2.714,28,0,0
5987,0.971,0.927,0.985,1,1.002,0.972,0.994,0.975,0,0,0.987,1.075,1.055,1.428,1.486,15,0,0
5988,1.065,0.974,1.028,1.098,1.044,1.017,1.375,1.031,0,0,0,1.384,1.049,3.576,3.6,109,2,0
5989,1.282,1.031,1.121,0.981,1.287,1.057,1.584,1.199,0,0,0,1.161,1.193,3.613,3,109,1,0
5990,0.741,1.171,0.937,0.839,0.887,0.955,1.131,0.878,0,0,0,0,0,0.546,0.61,-38,0,1
5991,0.672,1.227,0.905,0.71,0.823,0.904,0.847,0.82,0,0,0,0,0,0.87,0.854,-11,0,1
5992,0.621,1.035,0.925,1.07,0.65,0.89,0,0.726,0,0,0,0,0,-8.365,-7.8,-29,0,1
5993,1.164,1.159,1.031,1.045,1.084,1.055,1.281,1.108,0,0,0,0,0,0.972,1.058,50,0,1
5994,0,0,0,0,0,0,0,0,0,0,0,0,0,0,0,45,0,0
5995,0.716,1.086,0.872,0.789,0.779,0.898,0.767,0.793,0,0,0,0,0,0.968,1,-23,0,0
5996,1.167,0.947,1.091,1.246,1.13,1.051,1.016,1.115,0,0,0,0,0,3.281,2.667,31,1,0
5997,0.836,0.951,0.927,0.444,0.902,0.92,0.975,0.875,0,0,0,0,0,-2.802,-2.5,31,2,0
5998,1.017,1.038,0.995,1.231,1.118,1.026,1.142,1.038,0,1.126,1.145,1.032,1.019,0.433,0.5,5,2,0
5999,1.551,0.96,1.198,1.378,1.675,1.2,1.504,1.559,0,0,1.612,1.559,1.559,5.608,3.5,5,1,0
6000,0.948,0.903,0.888,0.75,0.902,1.011,0.782,0.965,0,0,0,0,0,2.212,2.2,8,1,1
6001,0.332,0.985,0.814,0.882,0.659,0.791,0.21,0.575,0,0,0,0,0,-2.182,-1.333,8,2,1
6002,1.122,1.311,1.075,1.283,1.173,1.051,1.841,1.117,0,0,0,1.37,1.092,2.562,2.273,5,1,1
6003,1.18,1.045,1.004,0.93,1.039,1.082,1.067,1.084,0,0,0,0,1.08,0.092,0.044,5,2,0
6004,0.987,1.141,0.971,1,0.947,0.984,0.85,0.959,0,0,0,0,0.739,1.546,1.863,5,0,1
6005,1.038,0.932,1.024,1.049,1.002,1.086,0.863,1.066,0,0,0,0,1,0.853,0.793,-31,0,0
6006,0.898,0.994,0.978,0.875,0.942,0.974,0.857,0.95,0,0,0,0,0.831,1.426,1.467,-17,0,1
6007,0.855,0.841,0.931,1,0.946,0.985,0.632,0.923,0,0,0,0,0,-3.159,-4,-59,2,0
6008,0.915,1.064,1.036,1.323,1.027,1.005,0.592,0.989,0,0,0,0,1.288,-1.716,-1,-59,1,1
6009,0.331,0.858,0.776,0.553,0.675,0.605,1.354,0.443,0,0,0,0,0.508,-2.792,-1.5,-59,0,1
6010,0.788,1.169,0.87,0.967,0.79,0.928,0.654,0.832,1.053,0.967,0.938,0.872,0.839,0.58,0.767,21,2,1
6011,1.048,1.052,1.033,1.16,1.002,1.017,0.631,1.025,1.086,1.098,1.069,1.045,1.041,2.393,2.222,21,1,1
6012,0.892,1.026,0.982,1.173,1.047,0.889,0,0.898,0,0,0,0,0.76,8.042,11,7,1,1
6013,1.354,0.789,1.104,1.051,1.278,1.084,0.52,1.248,0,0,0,0,1.252,4.464,3.846,7,2,0
6014,1.076,0.94,1.019,0.673,0.931,1.004,1.231,1.02,0,0,0,0,0.967,6.024,6.1,7,0,0
6015,0.902,0.761,0.975,1.117,1.018,0.962,0.744,0.938,0,0,0,0,0,-1.222,-0.733,29,2,1
6016,1.32,0.939,1.161,1.431,1.405,1.083,0,1.247,0,0,0,0,1.174,5.016,4.966,29,1,0
6017,1.183,0.878,1.072,1.111,1.132,1.095,1.561,1.155,0,0,0,0,1.204,1.997,1.842,29,0,0
6018,1.37,0.856,1.128,1.231,1.33,1.138,1.725,1.274,0,0,0,0,1.238,1.949,1.6,103,1,0
6019,0.738,1.022,0.933,1.143,0.886,0.917,0.98,0.843,0,0,0,0,0.774,2.619,3.25,103,2,1
6020,1.034,0.94,0.994,1,1.028,1.028,1.161,1.02,0,0,0,0,1.08,4.626,3.75,103,0,1
6021,0.932,1.044,0.951,1.044,0.966,0.994,0.92,0.945,0,0,1.089,1.066,0.943,-0.033,-0.3,3,2,0
6022,1.931,0.932,1.146,0.946,1.72,1.336,0,1.707,0,0,1.731,1.745,1.807,19.825,10.833,3,1,0
6023,0.841,1.169,0.873,0.698,0.882,0.948,0.91,0.885,0,0,0,0,0,-4.859,-4.467,-33,0,1
6024,1.313,0.868,1.146,1.158,1.391,1.107,0.827,1.222,0,0,0,0,0,6.696,5.25,46,0,0
6025,1.267,1.031,1.095,1.172,1.149,1.158,1.24,1.224,0,0,0,0,0,0.862,0.667,32,0,0
6026,0.958,0.979,0.986,0.984,0.839,0.956,0.647,0.92,0,0,0,0,0,0.882,0.727,-20,0,1
6027,0.922,1.063,0.973,0.895,0.994,0.996,1.556,0.973,0,0,0,0,0.996,0.563,0.48,-8,0,1
6028,0.624,1.253,0.852,0.477,0.772,0.842,0.937,0.762,0,0,0,0,0,-0.372,-0.097,-67,0,0
6029,0.714,1.191,0.93,0.489,0.75,0.843,0,0.788,0,0,0,0,0,-3.604,-2.286,-42,0,1
6030,0.86,0.709,0.934,1.113,0.909,0.955,0.964,0.906,0,0,0,0.673,0.884,2.372,3.05,32,1,1
6031,0.587,0.93,0.858,0.947,0.707,0.877,0.623,0.724,0,0,0,0.645,0.699,1.019,1.333,32,2,1
6032,1.765,0.955,1.235,0,1.552,1.323,0,1.532,0,0,0,0,0,12,8.125,92,0,0
6033,0.466,0.954,0.896,0.794,0.658,0.878,0.051,0.686,0,0,0,0,0,-0.928,-0.813,-56,0,1
6034,2.011,0.977,1.249,0,1.7,1.414,0,1.814,0,0,0,0,1.724,25.277,14,96,0,0
6035,0.843,0.942,0.921,0.968,0.76,0.952,0.92,0.862,0,0,0,0,0,-0.642,-1.333,10,0,1
6036,1.14,0.752,1.023,1.155,1.053,1.042,1.005,1.081,0,0,0,0,0,1.956,1.963,62,0,1
6037,1.223,1.088,1.121,1.328,1.204,1.029,0,1.159,0,0,0,0,0,-0.687,-1.643,-16,0,0
6038,0,0,0,0,0,0,0,0,0,0,0,0,0,0,0,31,0,0
6039,1.263,1.131,1.134,1.129,1.246,1.064,1.664,1.185,0,0,0,0,0,1.245,1.115,24,0,0
6040,0.976,0.939,1.013,1.434,1.004,1.036,0.994,0.996,0,1.053,0.982,1.01,1.008,0.142,0.2,6,2,1
6041,1.032,0.895,1.021,1.015,1.099,1.014,1.112,1.051,0,1.297,1.116,1.167,1.046,0.997,0.9,6,1,0
6042,0.99,0.941,1.014,0.986,1.01,0.997,1.511,1.016,0,0.789,1.094,1.088,1.022,0.81,0.8,6,0,1
6043,0.693,1.04,0.871,0.804,0.855,0.878,0.769,0.804,0,0,0.655,0.523,0.649,1.113,1.308,-30,2,1
6044,0.871,0.991,0.945,0.918,0.91,0.914,0.862,0.904,0,0,1.106,1.022,0.84,1.671,1.9,-30,1,0
6045,0.931,0.981,0.982,0.769,0.928,0.947,0.966,0.936,0,0,0.948,1.059,0.9,1.594,1.5,-30,0,1
6046,-0.099,1.113,0.786,0.056,0.264,0.757,0,0.362,0,0,0,0,0,0.589,1,0,2,1
6047,1.746,0.791,1.232,0,1.528,1.263,0,1.541,0,0,0,0,0,1.31,1,0,1,0
6048,1.585,1.264,1.191,1.412,1.274,1.193,0,1.387,0,0,0,0,0,1.275,1,0,0,0
6049,1.263,1.193,1.099,0.808,1.312,1.11,1.232,1.201,0,0,0,0,0,4.081,3.9,20,0,0
6050,0.33,1.083,0.787,0,-0.014,0.879,0,0.561,0,0,0,0,0.53,-13.87,-10,-12,2,1
6051,0.705,1.067,0.891,0,0.891,0.837,1.192,0.821,0,0,0,0,0.618,-5.322,-4.25,-12,1,1
6052,0.921,0.96,1.102,0,1.435,0.932,0,1.061,0,0,0,0,0,3.163,2.6,25,1,1
6053,0.792,1.408,0.989,0,0.954,0.891,0,0.888,0,0,0,0,0,6.464,6.2,25,2,1
6054,1.195,0.945,1.046,0,1.033,1.01,0,1.074,0,0,0,0,0,1.064,1,25,1,0
6055,-0.295,0.894,0.751,0,0.15,0.745,0,0.278,0,0,0,0,0,1.519,1.8,25,2,1
6056,1.1,1.236,1.044,0,1.271,0.999,1.923,1.086,0,0,0,0,0,0.93,0.9,-31,1,0
6057,1.126,1.125,0.968,0.273,1.06,1.029,1.74,1.063,0,0,0,0,0,0.438,0.586,-31,2,1
6058,0.966,1.007,1.013,1.308,1.034,0.985,1.218,0.986,0,0,0,0.732,1.027,1.077,1.085,-31,0,1
6059,0.847,0.918,0.968,1.207,0.937,0.933,0.877,0.891,0.933,0.976,0.927,0.918,0.885,0.877,0.982,4,2,1
6060,0.98,1.118,0.984,1,0.998,0.983,0.411,0.983,0.98,0.932,0.929,0.905,0.983,2.012,1.97,4,1,1
6061,0.894,1.097,0.925,0.66,0.854,0.962,0.991,0.927,0,0,0,0,1.103,-1.416,-1.462,-30,0,0
6062,1.046,1.002,1.007,0.828,0.985,0.966,0.937,0.995,0,0,0,0,1.034,0.19,0.125,1,0,0
6063,0.762,1.257,0.955,0.818,0.901,0.938,0.99,0.874,0,0,0.429,0.922,0.892,0.271,0.39,-38,2,1
6064,0.924,1.282,0.973,0.897,0.951,0.979,0.701,0.942,0,0,1.048,1.039,0.938,1.412,1.286,-38,1,1
6065,0.9,0.969,0.922,0.81,0.957,0.998,0.843,0.952,0,0,0,0,0.966,2.787,3.036,73,0,1
6066,1.286,1.103,1.144,1.167,1.266,1.119,1.468,1.241,0,0,0,0,1.346,1.719,1.529,14,1,0
6067,1.126,0.862,1.038,1.054,1.108,1.089,1.173,1.122,0,0,0,0,1.364,1.073,1,14,2,0
6068,1.069,0.902,1.052,1.035,1.071,0.995,1.027,1.038,1.263,1.148,1.04,1.051,1.026,1.073,1.017,8,2,1
6069,1.185,0.973,1.046,1.036,1.12,1.058,1.056,1.12,1.222,1.238,1.215,1.152,1.116,1.393,1.25,8,1,0
6070,1.217,0.913,1.094,1.046,1.163,1.072,2.147,1.149,0,1.278,1.266,1.271,1.271,0.904,1,8,0,0
6071,1.048,0.988,1.021,1,0.953,1.046,0.832,1.023,0,0,0,0,0,0.792,0.72,15,2,0
6072,1.451,1.16,1.115,1.167,1.21,1.181,1.372,1.262,0,0,0,0,0,1.804,1.667,15,1,1
6073,1.808,1.239,1.333,1.027,1.501,1.202,0,1.506,0,0,0,0,0,2.109,2,15,0,0
6074,1.125,0.937,1.061,1.228,0.998,1.096,0.78,1.103,0,0,0,0,0.973,-2.509,-1.6,-99,2,0
6075,0.992,1.076,1.024,1.463,0.91,1.039,0.512,0.95,0,0,0,0,0,-1.709,-1.1,-99,1,1
6076,0.86,1.048,0.882,1.07,0.966,0.95,1.316,0.906,0,0,0,0,0.922,-0.02,0.28,-99,0,0
6077,1.262,0.969,1.083,1,1.132,1.078,1.381,1.159,0,0,1.267,1.348,1.302,1.075,1,23,1,0
6078,1.053,1.019,1.022,0.93,1.04,0.981,1.138,1.016,0,0,0.898,0.97,1.083,0.411,0.273,23,2,0
6079,0.978,1.034,1.028,1.577,0.651,1.091,0.772,1.009,0,0,0,0,0,-2.221,-2,21,0,1
6080,1.254,0.928,1.046,1.19,1.255,1.114,0,1.22,0,0,0,0,0,3.707,3.385,13,0,0
6081,1.129,1.009,1.055,1.082,1.09,1.086,1.138,1.096,0,0,0.894,0.978,1.16,0.329,0.1,30,0,1
6082,1.232,1.131,1.055,1.207,1.084,1.115,1.279,1.155,0,0,0,0,0,0.651,0.467,69,2,1
6083,1.3,1.104,1.063,1.177,1.147,1.142,1.652,1.198,0,0,0,0,0,1.215,1.184,69,1,0
6084,1.208,0.988,1.044,1.19,1.107,1.08,1.282,1.111,0,0,0,0,0,0.85,0.908,69,0,1
6085,1.164,0.798,1.009,1.211,0.996,1.128,1.102,1.103,0,0,0,1.047,1.156,0.514,0.514,-8,1,1
6086,1.028,0.89,1.02,0.983,0.998,1.029,0.91,1.021,0,0,1,0.946,1.057,0.952,0.8,-8,2,1
6087,1.176,0.863,1.042,0.942,1.097,1.03,1.383,1.097,0,0,1.72,1.113,1.11,1.52,1.441,31,0,0
6088,1.189,1.083,1.089,1.063,1.139,1.027,1.173,1.117,0,0,0,0,0,1.026,1.043,57,0,0
6089,0.016,0.758,0.568,0,0.336,0.576,0,0.254,0,0,0,0,0,0.659,0.976,-16,0,1
6090,0.944,0.929,0.995,1.186,0.998,1.001,1.017,0.983,0,0,0,0,0.987,0.789,0.782,17,0,0
6091,0.701,0.86,0.902,0.862,0.89,0.88,1.002,0.82,0,0,0,0,0,0.352,0.364,-9,0,1
6092,1.015,0.871,0.979,0.833,0.943,1.02,0.906,1.009,0,0,0,0,0,1.23,1.222,-10,0,0
6093,1.04,1.067,1.005,1.015,1.115,1.008,1.117,1.042,0,0,0,0,0,1.073,1.095,-11,0,0
6094,1.02,1.029,1.006,1.212,1.01,1.088,0.879,1.043,0,1.56,1.222,1.086,1.08,0.549,0.4,4,2,0
6095,1.892,0.834,1.316,0,1.95,1.297,0,1.725,0,0,1.725,1.725,1.725,1.379,1,4,1,0
6096,0.829,0.857,0.979,1.305,0.959,0.948,0.818,0.894,0,0,1.094,0.967,0.919,0.478,0.5,6,2,1
6097,0.934,1.01,0.993,1.045,1.049,0.974,1.064,0.984,0,0,0.852,0.935,0.998,2.085,2.333,6,1,0
6098,0.885,1.028,0.983,1.231,0.928,0.973,0.054,0.917,0,0,0,0,0.845,0.579,0.429,6,0,1
6099,0.932,1,0.975,1.062,0.921,0.968,0.51,0.935,1.02,1.195,1.054,0.931,0.927,0.022,0.311,17,2,1
6100,1.045,0.954,1.055,1.108,1.1,1.033,1.185,1.062,1.104,1.09,1.107,1.082,1.056,1.566,1.418,17,1,0
6101,1.026,1,1.014,1.049,1.122,1.014,1.416,1.058,1.405,1.213,1.17,1.3,1.148,1.105,0.933,17,0,0
6102,0.941,0.913,0.889,0.615,0.928,0.894,1.287,0.913,0,0,0,0,0,2.229,2.4,15,0,1
6103,0.837,1.122,0.964,0.971,0.893,0.863,0.755,0.856,0,0,0,0,0.824,-0.675,-0.609,-56,0,1
6104,0.844,1.047,0.932,1.016,0.926,0.913,1.022,0.874,0,0,0,0,0.821,-0.796,-0.433,-11,0,1
6105,0.824,0.926,0.941,1,0.876,0.909,0.522,0.871,0,0,0,0.722,0.871,3.125,3.56,48,2,1
6106,0.921,0.809,0.982,1.151,0.985,0.976,0.872,0.967,0,0,0,1.139,1.047,2.645,3.6,48,1,1
6107,1.07,1.074,1.023,0.866,0.993,0.992,1.117,1.011,0,0,0,1.074,1.038,0.561,0.538,-15,0,1
6108,1.172,1.035,1.103,1.158,1.069,1.036,1.25,1.1,0,0,0,0,1.088,0.788,0.5,31,2,0
6109,1.438,0.906,1.118,1.298,1.222,1.146,1.591,1.252,0,0,0,0,1.25,5.926,5.294,31,1,0
6110,0.661,0.945,0.884,0.985,0.825,0.859,0.576,0.764,0,0,0.68,0.728,0.754,0.502,0.559,7,2,1
6111,1.061,1.023,1.022,1,1.039,1.022,0.942,1.044,0,0,1.076,1.068,1.102,0.035,-0.059,7,1,0
6112,0.941,0.916,0.966,0.911,0.917,0.988,0.671,0.947,0,0,0.989,0.971,0.971,0.398,0.322,7,0,0
6113,1.213,0.838,1.047,1.088,1.122,1.098,1.469,1.144,0,0,1.353,1.352,1.241,0.402,0.246,11,0,0
6114,1,0.799,1.04,0,1.063,1.087,0,1.101,0,0,0,0,0,-3.531,-4,7,0,0
6115,0.885,1.477,0.99,0.698,0.965,0.903,1.04,0.937,0,0,0,1.031,0.825,-1.134,-0.667,-49,2,1
6116,0.981,1.17,1.002,1.07,0.92,1.047,-0.127,0.996,0,0,0,1.07,0.927,0.733,0.771,-49,1,0
6117,1.013,1.326,1.023,0.981,1.026,1.051,0.858,1.05,0,0,0,1.256,0.924,-0.354,-0.12,-49,0,0
6118,0.996,1.033,0.975,1.222,1.019,1.002,1.092,1.002,0,0,0.998,0.989,0.963,1.638,1.875,1,1,1
6119,0.857,1.208,0.967,1.239,0.965,0.933,0.966,0.925,0,0,0.869,0.889,0.888,3.083,3.462,1,2,1
6120,0.583,0.811,0.857,0.958,0.773,0.855,0.548,0.698,0,0,0,0,0,0.71,0.833,-3,2,1
6121,1.192,0.985,1.061,1.164,1.123,1.106,1.429,1.157,0,0,0,0,0,1.302,1.107,-3,1,1
6122,0.717,0.806,0.918,1.034,0.794,0.896,0.626,0.794,0,0,0,0,0,0.802,0.718,-58,0,1
6123,0.97,1.012,1.001,0.914,1.026,0.96,1.136,0.981,0,0,0,1.211,0.984,0.955,0.88,18,2,0
6124,1.146,0.873,1.067,1.052,1.148,1.023,0.719,1.105,1.268,1.268,1.06,1.162,1.139,3.733,3.143,18,1,0
6125,1.235,0.953,1.082,0.924,1.148,1.035,1.821,1.137,0,0,0,0,1.333,3.14,2.733,36,0,0
6126,1.249,0.704,1.085,0.985,1.081,1.105,1.438,1.156,0,0,0,0,0.934,0.294,0.25,106,2,0
6127,0.965,0.949,0.915,1.048,0.915,0.971,0.73,0.942,0,0,0,0,0.952,0.503,0.6,106,1,0
6128,0.998,1.002,1.018,1.082,1.056,1.006,1.13,1.026,0,0,1.142,1.191,1.133,0.9,0.8,6,0,0
6129,0.834,1.133,0.958,0.76,0.876,0.884,0.33,0.857,0,0,0,0,0.867,-0.455,-0.727,-4,2,1
6130,0.925,1.107,1.022,0.912,0.928,0.92,0.681,0.92,0,0,0,0,0.935,0.9,0.947,-4,1,1
6131,0.826,0.912,0.931,1.25,1.01,0.911,0.67,0.892,0,0.893,0.893,0.884,0.863,1.217,1.25,7,2,1
6132,1.078,0.785,1.039,1.148,1.069,1.009,0.696,1.048,0,1,1.09,1.014,1.065,1.036,1,7,1,0
6133,1.033,0.891,1.026,1.246,1.025,1.026,1.284,1.023,0,1.002,0.986,1.082,1.053,-2.057,-2,7,0,1
6134,1.433,1.077,1.093,1.16,1.279,1.169,1.311,1.268,0,0,0,0,1.238,0.568,0.425,11,2,0
6135,1.113,1.19,1.005,1.017,1.059,1.104,0.225,1.092,0,0,0,0,1.091,1.652,1.6,11,1,0
6136,-0.027,1.028,0.588,0,0.598,0.549,0,0.322,0,0,0,0,0,-8.32,-4,-8,0,1
6137,1.111,1.078,0.995,0.815,0.96,1.072,1.074,1.06,0,0,1.1,1.052,1.047,0.683,0.776,11,2,0
6138,1.097,1.068,1.011,0.984,1.035,1.084,1.234,1.088,0,0,1.087,1.101,1.095,0.837,0.83,11,1,1
6139,1.223,1.095,1.047,0.849,1.016,1.127,1.342,1.145,0,0,1.196,1.113,1.155,0.967,0.82,11,0,0
6140,1.313,0.883,1.095,1.271,1.355,1.113,0,1.232,0,0,0,0,0,12.136,9.4,27,1,0
6141,0.941,1.077,0.984,1.027,0.92,0.977,0.38,0.948,0,0,0,0,0,1.339,1.536,27,2,0
6142,-0.645,0.952,0.707,0,0.14,0.63,0,0.091,0,0,0,0,0,0.396,1,58,1,1
6143,-2.101,0.839,0.46,0,0,0.319,0,-0.926,0,0,0,0,0,0.143,1,58,2,1
6144,-1.199,0.754,0.562,0.125,-0.497,0.548,0,-0.327,0,0,0,0,0,0.233,1,33,0,1
6145,0.948,1.002,0.947,0.698,1.048,0.959,1.232,1.002,0,0,0,0,1.144,4.086,3.533,88,2,0
6146,1.218,1.026,1.089,1,1.145,1.096,1.033,1.164,0,0,0,0.837,1.108,2.901,2.55,88,1,0
6147,0.711,0.871,0.871,0.686,0.825,0.776,0.17,0.732,0,0,0,0,0,0.293,0.571,-34,2,1
6148,1.628,0.805,1.225,1.333,1.651,1.202,0,1.486,0,0,0,0,0,1.814,1.222,-34,1,0
6149,0.904,1.053,0.986,0.958,0.963,0.962,0.838,0.935,0,0,0,0,0,0.599,0.444,-34,0,1
6150,1.173,0.786,1.062,0.985,1.221,1.017,1.267,1.124,0,0,0,0,1.046,5.865,6.125,111,2,1
6151,0.783,1.045,0.908,0.481,0.643,0.877,-0.581,0.786,0,0,0,0,0.673,8.923,11.2,111,1,1
6152,1.218,1.126,1.101,0.449,1.207,1.063,1.372,1.153,0,0,0,0,1.319,0.937,0.735,-44,1,1
6153,0.819,1.002,0.93,0.474,0.812,0.913,0.31,0.843,0,0,0,0,0,0.744,0.738,-44,2,1
6154,0.908,0.937,0.978,1.132,0.908,0.963,0.818,0.918,0,0,0,1.455,0.931,-0.09,0,-38,0,1
6155,0.904,0.742,0.947,0.857,0.904,0.944,0.877,0.916,0,0,0,0.741,0.941,0,0,20,2,1
6156,1.103,0.979,1.042,0.965,1.063,0.979,0.737,1.036,0,0,0.8,0.782,0.974,1.271,1.5,20,1,0
6157,0.904,0.95,0.946,0.926,0.867,0.933,0.923,0.894,0,0,0,0.846,0.984,0.159,0.333,20,0,1
6158,0.874,0.849,0.981,1.167,0.921,0.929,0.193,0.88,1.11,1.11,1.011,0.935,0.917,-0.465,-0.375,14,2,1
6159,0.908,0.832,1.013,1.123,1.035,0.949,1.121,0.949,0.95,0.93,0.975,0.939,0.937,0.963,0.789,14,1,1
6160,1.035,0.71,0.947,1,0.986,0.972,1.321,0.985,0,0,0,0,0,4.248,5.6,92,1,0
6161,1.069,1.248,0.93,0.836,0.992,1.038,0.766,1.025,0,0,0,0,0,2.727,2.857,92,2,0
6162,1.402,1.112,1.123,1.094,1.449,1.086,0,1.297,0,0,0,0,0,13.113,10.6,93,1,0
6163,1.213,0.979,1.07,0,1.297,1.09,0,1.156,0,0,0,0,0,5.07,5,93,2,0
6164,1.037,1.03,1.004,0.806,1.017,0.981,1.013,1.006,0,0,0,0,0,0.483,0.386,-46,0,1
6165,0.916,0.963,0.908,0.408,0.742,0.941,-0.01,0.849,0,0,0,0,0,2.182,2,13,0,1
6166,0.758,0.992,0.919,0.82,0.85,0.956,0,0.868,0,0,0,0,0,0.565,0.667,32,2,1
6167,0.989,0.997,0.982,0.578,0.981,0.986,0.474,1.01,0,0,0,0,0,1.386,1.182,32,1,0
6168,1,0.812,1.034,0.709,1.021,0.962,0.86,1.008,0,0,0,0,0,-0.447,-1.6,32,0,1
6169,1.05,0.819,1.013,1.016,1.05,0.998,1.296,1.031,0,0,0,1.175,1.182,1.992,1.833,41,2,0
6170,0.898,0.761,0.981,1,0.944,0.931,0.498,0.921,0,0,0,0.82,0.921,4.951,5.25,41,1,1
6171,1.304,0.736,1.103,1.041,1.249,1.07,1.729,1.174,0,0,0,1.227,1.33,5.013,4,41,0,0
6172,1.072,1.113,1.016,0.75,1.109,0.953,0.515,1.024,0,0,0,0,0,1.704,1.4,7,1,0
6173,1.067,1.129,1.006,0.474,0.97,1.009,0.885,1.037,0,0,0,0,1.279,1.282,1.05,7,2,0
6174,1.004,1.066,0.993,1.138,0.937,0.983,1.103,0.967,0,1.378,1.199,1.065,1.097,0.619,0.533,44,2,0
6175,0.919,0.959,0.973,1,0.886,0.971,1.102,0.929,0,0.908,0.958,0.99,1.022,0.997,1,44,1,1
6176,0.995,0.79,0.955,1.091,0.929,1.023,1.05,0.991,0,1.087,1.074,1.212,1.135,-1.054,-1.3,44,0,0
6177,0.64,1.096,0.87,0.451,0.653,0.911,1.189,0.756,0,0,0.753,0.634,0.666,0.313,0.605,-16,2,1
6178,0.892,1.224,0.992,1.123,1.035,0.963,0.862,0.946,0,0,0.794,1.047,1.004,1.438,1.75,-16,1,1
6179,0.961,1.041,0.967,0.953,1.039,0.989,1.172,0.998,0,0,0,0.983,1.111,1.021,1,18,2,0
6180,1.236,1.177,1.093,1.122,1.26,1.059,1.483,1.195,0,0,0,0,1.172,8.814,7.333,18,1,0
6181,0.706,1.099,0.905,0.566,0.625,0.924,-0.218,0.771,0.308,0.429,0.637,0.789,0.771,2.337,3.667,9,2,1
6182,0.998,1.078,0.971,1.037,0.994,1.001,1.233,0.996,1.028,0.941,0.996,0.996,0.996,2.103,2.143,9,1,1
6183,1.011,0.964,1.045,0.907,1.05,0.981,0.981,1.016,0,0,1.074,1.039,1.071,-0.495,-0.857,-19,2,0
6184,1.026,0.857,1.07,1.317,1.097,1,0.804,1.028,0,1.525,1.281,1.2,1.09,0.473,0.302,-19,1,0
6185,0.854,1.327,0.984,0.879,0.902,0.955,1.351,0.913,0,0,0,0,0,0.603,0.733,-65,2,1
6186,0.939,1.021,0.998,0.942,1.037,0.986,1.298,0.968,0,0,0,1.197,0.887,0.175,0.3,-65,1,1
6187,0.998,1.157,1.009,0.873,1.046,0.978,1.408,1.005,0,1.283,1.087,1.03,1.004,1.135,1.158,-7,2,1
6188,1.17,1.071,1.042,0.953,1.149,1.045,1.304,1.118,1.564,1.564,1.182,1.171,1.156,2.407,2,-7,1,0
6189,1.086,1.077,1.032,1,1.046,1.032,1.258,1.06,1.122,1.244,1.112,1.085,1.015,1.483,1.429,-7,0,0
6190,0.919,0.977,0.907,0.397,0.86,0.954,0.827,0.931,0,0,0,0.683,0.665,5.477,5.667,49,1,1
6191,0.262,0.704,0.714,0.116,0.438,0.765,-0.336,0.473,0,0,0,0.302,0.226,1.369,1.75,49,2,1
6192,1.111,0.741,1.048,1.032,1.111,1.047,0.979,1.097,0,0,0,0.957,0.917,2.758,2.25,49,1,1
6193,1.02,0.979,0.999,1.113,0.998,0.986,1.303,1.017,0,0,0,0,0,1.18,1.326,15,2,1
6194,0.955,0.989,1.024,1.089,1.017,0.964,0.729,0.969,0,0,0,0,0.994,2.506,2.261,15,1,1
6195,0.814,1.141,0.924,0.776,0.859,0.938,0.377,0.87,0,0,0,0,0,1.902,2,46,1,0
6196,1.018,1.016,1.007,0.86,0.985,0.999,1.224,1.002,0,0,0,0,0,0.767,0.633,46,2,0
6197,1.002,1.231,0.944,0.77,0.852,0.998,1.088,0.988,0,0,0,0,0,2.13,1.944,9,0,1
6198,1.026,1.054,1.056,1.292,1.027,1.088,1.155,1.061,0,0,0,0,0,0.403,0.36,-66,2,0
6199,1.148,1.007,1.095,1.153,1.223,1.063,1.673,1.146,0,0,0,0,0,0.547,0.167,-66,1,0
6200,1.068,1.103,0.994,1,1.038,1.014,0.982,1.032,0,0.621,0.959,1.03,0.967,1.85,1.9,9,1,1
6201,1.051,1.136,1.001,1.032,0.953,1.04,0.801,1.024,0,0,1.076,1.118,1.065,0.923,1.048,9,2,0
6202,1.033,1.191,1.001,1.109,1.039,1.022,0.943,1.036,0.683,0.67,0.958,1.006,1.035,1.053,1.063,9,0,0
6203,0.987,1.078,0.938,0.862,0.942,0.968,1.128,0.952,0,1.416,1.182,1.205,1.038,1.019,1.061,9,2,0
6204,1.063,1.046,1.011,1.032,0.987,1.008,0.99,1.013,0,1.134,1.013,1.002,0.996,0.652,0.622,9,1,0
6205,1.565,0.902,1.188,1.032,1.357,1.136,1.697,1.307,0,0,0,0,1.693,5.289,3.333,74,2,0
6206,1.203,1.185,1.065,1.016,1.135,1.115,1.481,1.158,0,0,0,0,1.261,4.055,3.8,74,1,0
6207,-0.147,1.322,0.799,0.289,-0.023,0.436,0.426,-0.036,0,0,0,0.104,0.094,-27.979,-12.8,-114,2,1
6208,0.387,1.101,0.878,0.704,0.825,0.692,0.396,0.581,0,0,0,0.678,0.408,-3.398,-1.5,-114,1,1
6209,1.116,1.029,1.06,0.982,1.09,1.045,1.216,1.088,0,0,0.768,0.834,0.992,0.139,0.25,-9,1,1
6210,0.945,1.021,0.999,1.088,1.028,0.981,1.054,0.976,0,0,1.045,1.217,1.096,-0.181,0.121,-9,2,0
6211,0.913,1.098,0.981,0.846,0.908,0.954,0.733,0.928,0,0,1.139,1.193,0.9,-0.037,0.06,-9,0,0
6212,0.953,1.211,0.976,1,1.017,0.985,1.168,0.978,0,0,1.03,1.023,0.998,-0.012,-0.195,10,2,1
6213,0.644,1.179,0.855,0.932,0.687,0.915,0.264,0.762,0,0,0,0.923,0.815,0.477,0.684,10,1,1
6214,1.374,1.204,1.079,1.092,1.328,1.145,0,1.298,0,0,0,0,0,6.531,6,19,1,0
6215,0.697,0.997,0.916,0.931,0.736,0.907,0.041,0.742,0,0,0,0,0,1.372,1.5,19,2,0
6216,0.967,1.077,1.007,1.283,1.084,0.994,0.845,1.019,0,0,0,0,1.023,6.964,6.8,9,1,0
6217,0.858,0.856,0.926,1.057,0.881,0.92,0.535,0.863,0,0,0,0,0.789,-1.238,-0.895,9,2,1
6218,0.73,0.972,0.896,0.648,0.909,0.83,0.921,0.82,0,0,0,0,0.838,1.001,1.089,9,0,1
6219,0.813,1.09,0.92,0.852,0.908,0.939,1.192,0.882,1.02,0.836,0.886,0.963,0.976,0.749,0.833,26,1,0
6220,0.802,1.016,0.942,1.062,0.833,0.944,0.127,0.852,0,0.899,0.83,0.922,0.87,-0.155,0,26,2,1
6221,0.976,0.949,0.963,0.967,0.962,0.963,1.057,0.952,0.718,0.873,0.939,0.987,1,0.525,0.643,26,0,1
6222,0.953,0.984,1.015,1.543,1.021,1.02,1.156,0.981,0,0,0,0,0,0.703,0.714,-34,2,1
6223,0.893,0.949,1.042,0.825,1.099,0.947,0.729,0.964,0,0,0,0,0,1.014,1.056,-34,1,0
6224,1.184,0.957,1.084,1.115,1.176,1.062,1.153,1.136,0,0,0,0,0,1.378,1.286,-34,0,0
6225,1.271,0.834,1.08,1.088,1.162,1.039,1.112,1.135,0,0,0,1.289,1.169,3.719,4,53,2,0
6226,1.247,0.642,1.138,1.347,1.226,1.132,0.96,1.194,0,0,0,1.21,1.165,7.858,8,53,1,0
6227,0.969,1.042,0.995,1.4,1.004,1.006,0.864,0.993,0,0,0,1.018,1.034,1.73,2,9,1,0
6228,0.506,1.177,0.759,0.261,0.626,0.77,1.069,0.624,0,0,0,0,0.315,-4.146,-2.4,9,2,1
6229,1.081,1.166,1.016,0.967,1.06,1.038,1.048,1.053,0,0,0,0.98,1.022,2.667,2.71,9,0,1
6230,1.019,1.191,1.048,0.887,0.963,1.011,0,1.012,0,0,0,0,0,-0.649,-0.692,-78,1,1
6231,1.051,1.179,1.058,0.579,0.972,0.997,0.732,1.027,0,0,0,0,0,0.619,0.611,-78,2,1
6232,1.069,1.094,1.052,0.914,1.059,1.002,0.98,1.055,0,0,0,0.714,0.953,1.18,1.298,-10,2,1
6233,1.259,1,1.119,1.055,1.214,1.089,1.579,1.202,0,0,0,0,1.338,1.251,1.214,-10,1,0
6234,0.487,1.046,0.853,0.786,0.912,0.858,0,0.792,0,0,0,0,0.659,1.421,1.697,-10,0,1
6235,1.316,0.874,1.081,1.653,1.234,1.076,2.209,1.2,0,0,0,0,0,1,0.933,17,2,0
6236,1.269,0.875,1.077,1.172,1.09,1.104,1.112,1.171,0,0,0,0,0,4.702,4.5,17,1,0
6237,0.528,1.114,0.845,0.237,0.527,0.8,0,0.547,0,0,0,0,0,-5.429,-4,-67,2,1
6238,0.76,0.467,1.006,1.129,1.017,0.876,0.952,0.895,0,0,0,0,0,-0.608,-1.333,-67,1,0
6239,-0.098,0.711,0.569,0.825,0.221,0.429,0,0.044,0,0,0,0,0,-9.078,-4,-67,0,1
6240,1.111,1.019,1.07,1.143,1.022,1.11,1.386,1.092,0,0,0,0,1.072,1.069,0.977,38,2,0
6241,0.893,0.965,0.955,1.138,0.921,0.995,0.587,0.938,0,0,0,0,1.068,1.305,1.417,38,1,0
6242,0.068,1.804,0.699,0.238,0.371,0.63,0,0.383,0,0,0,0,0,-8.6,-4,-102,1,1
6243,-0.486,1.563,0.661,0.25,0.174,0.245,0,-0.226,0,0,0,0,-0.033,-21.957,-9,-102,2,1
6244,1.067,1.132,1.008,1.034,1.02,1.006,0.982,1.033,0,0,0,0,1.18,1.798,1.786,-1,1,0
6245,0.963,1.095,0.973,1.094,0.975,0.992,0.871,0.971,0,0,0,0.893,1,0.667,0.734,-1,2,0
6246,0.923,0.918,0.955,0.863,0.933,0.987,0.781,0.957,0,0,0.807,0.776,0.852,3.154,3.333,-4,1,0
6247,0.873,0.855,0.956,1,0.923,0.966,0.832,0.911,0,0,1.308,1.093,0.957,1.259,1.2,-4,2,1
6248,0.977,0.891,1.004,1.029,0.967,1.016,0.961,0.986,0,0,0.803,0.835,0.965,1.751,1.8,-4,0,1
6249,0.997,1.061,0.991,1.161,0.984,1.027,0.728,1.005,0,0,0.944,1.007,1.027,-0.439,-0.778,17,2,0
6250,0.91,1.016,0.949,1.031,1.021,0.966,0.897,0.964,0,0,0.903,1.137,1.066,0.716,0.725,17,1,1
6251,0.564,1.03,0.859,1.05,0.657,0.876,0.055,0.709,0,0,0,0,0.709,-2.036,-0.857,17,0,1
6252,1.013,0.913,1.051,0.489,1.082,0.973,1.24,1.043,0,0,0,0,1.048,-0.667,-1.222,-74,1,1
6253,0.728,1.059,0.892,0.395,0.794,0.846,0.516,0.77,0,0,0,0.853,0.751,0.387,0.469,-74,2,0
6254,0.859,0.954,0.948,1.057,0.889,0.973,0.06,0.899,0,0,0,0,1.139,-0.331,0.043,-74,0,1
6255,1.124,0.728,1.053,1.236,1.061,1.04,0,1.079,0,0,0,0,0,3.667,4,22,2,0
6256,0.9,1.012,0.933,0.651,0.848,0.981,0.688,0.919,0,0,0,0,0,1.728,2,22,1,1
6257,1.261,1.134,1.069,0.875,1.18,1.179,1.298,1.231,0,0,0,0,0,3.052,2.5,22,0,0
6258,-0.122,1.388,0.706,0,0.396,0.546,0,0.241,0,0,0,0,0.248,-24.596,-12,-118,0,1
6259,0.891,0.991,0.985,0.906,0.92,0.971,0.517,0.93,0,0,0,1.251,0.934,2.655,2.632,-18,2,0
6260,1.199,1.239,1.104,1,1.109,1.102,1.183,1.162,0,0,0,1.469,1.28,2.87,2.667,-18,1,0
6261,0.819,0.854,0.919,0,0.667,0.905,0,0.851,0,0,0,0,0,-3.789,-2.8,-51,1,1
6262,1.022,1.08,1.047,1.542,0.926,1.079,0,1.023,0,0,0,0,0,-0.648,-0.818,-51,2,0
6263,1.004,0.623,1.049,0.9,0.868,1.07,1.05,1.018,0,0,0,0,0,-2.373,-2.182,-51,0,1
6264,1.123,1.203,1.057,1.046,1.091,1.055,0.896,1.086,0,0,0.741,0.963,0.968,3.987,4,-7,1,1
6265,0.421,1.033,0.807,1,0.642,0.795,0.371,0.613,0,0,0.778,0.625,0.468,0.936,1.25,-7,2,1
6266,0.771,1.043,0.888,0.808,0.71,0.965,0.389,0.828,0.644,0.74,0.847,0.916,0.815,0.771,1,19,2,1
6267,1.072,1.023,0.99,0.918,1.002,0.998,1.309,1.011,0.858,1.104,1.03,1.037,1.011,0.894,0.923,19,1,1
6268,1.09,1.063,1.053,0.982,1.076,1.048,0.783,1.069,0,0,0,1.291,1.13,0.641,0.48,-12,0,0
6269,1.554,0.92,1.153,1.122,1.36,1.128,1.356,1.3,0,0,0,0,0,0.511,0.2,1,2,0
6270,1.177,0.732,1.038,1.045,1.004,1.091,1.027,1.105,0,0,0,0,0,1.311,2,1,1,0
6271,0.964,1.149,0.987,1.063,0.968,0.96,0.775,0.954,0,0,0,0,0.968,0.96,0.99,-1,0,0
6272,0.963,1.357,1.006,0.719,1.048,0.958,1.074,0.983,0,0,0,0,0,0.836,0.947,-47,0,1
6273,0.418,1.422,0.872,0.412,0.835,0.739,0.939,0.647,0,0,0,0,0,-0.176,0.25,-53,0,1
6274,1.068,1.005,1.031,1.077,1.029,0.999,1.27,1.032,0,0,0,0.968,0.912,0.456,0.62,-14,0,1
6275,0.377,1.158,0.784,0.603,0.535,0.791,0.255,0.561,0,0,0,0,0,0.506,0.765,-40,0,1
6276,1.181,0.898,1.071,1.121,1.16,1.11,1.337,1.159,0,0,0,0,0,1.794,1.66,53,0,1
6277,0.466,1.18,0.814,0.949,0.629,0.807,-0.058,0.62,0,0,0,0,0,1.34,1.588,2,0,1
6278,0.981,1.047,1.006,1.014,0.9,0.99,0.877,0.971,0,0,0,0,0,0.87,1,50,0,1
6279,0,0,0,0,0,0,0,0,0,0,0,0,0,0,0,0,1,0
6280,0,0,0,0,0,0,0,0,0,0,0,0,0,0,0,0,2,1
6281,0,0,0,0,0,0,0,0,0,0,0,0,0,0,0,0,0,1
6282,0.844,1.149,0.945,0.844,0.901,0.938,0.891,0.91,0,1.1,0.918,0.891,0.915,1.028,1,3,2,0
6283,0.996,1.422,1.002,0.93,0.986,1.011,0.742,1,0,1.042,1.066,1.033,0.998,0.593,0.571,3,1,1
6284,0.831,1.255,0.948,1.131,0.92,0.962,0.478,0.92,0,0.83,0.89,0.926,0.924,0.745,0.778,3,0,1
6285,1.582,0.896,1.238,1.55,1.472,1.216,1.77,1.45,0,0,0,2.305,1.432,2.16,1.273,4,1,0
6286,0.968,1.113,1.05,1.196,1.028,0.981,0.721,0.994,0,0,0,0,1,-0.474,-0.706,4,2,0
6287,0.967,1.047,1.008,1.217,1.074,0.998,1.17,1.01,0,0,0,1.097,1.066,0.291,0.333,19,2,0
6288,1.161,1.142,1.099,1.186,1.288,1.042,1.352,1.162,0,0,0,1.249,1.201,4.216,3.75,19,1,0
6289,0.994,1.12,1.091,1.063,1.02,0.991,0,0.99,0,0,0,0,1.139,-9.344,-9.429,-97,0,1
6290,0.808,1.105,0.835,0.383,0.932,0.944,0,0.879,0,0,0,0,0.798,4.866,6.2,112,1,0
6291,-0.479,0.862,0.476,-0.75,-0.1,0.565,0,0.038,0,0,0,0,0.054,4.348,6.6,112,2,1
6292,1.59,0.906,1.168,1.07,1.205,1.467,0,1.517,0,0,0,0,1.462,15.574,9.2,112,0,0
6293,0.908,0.922,0.948,0.887,0.892,0.989,0,0.938,0,0,0,0,0.991,3.591,2.9,11,0,1
6294,1.085,0.74,0.971,0.949,1.002,1.017,1.143,1.032,0,1.062,1.03,1.04,1.032,0.26,0.333,4,2,1
6295,0.901,0.772,0.911,1.102,0.963,0.952,0,0.926,0,0.932,0.935,0.946,0.926,0.743,0.776,4,1,1
6296,1.02,0.982,1.028,1.041,0.917,0.945,0.878,0.969,0,0,0,0,0,0.394,0.55,-14,0,1
6297,0.919,0.861,0.963,1.103,0.936,1.001,0.883,0.952,0,0,0,0.685,0.719,-0.434,-0.222,10,2,0
6298,1.26,0.862,1.099,1.263,1.176,1.119,1.363,1.198,0,0,0.829,0.906,1.152,1.952,1.878,10,1,0
6299,1.182,1.043,1.086,1.132,1.236,1.094,1.177,1.172,0,0,0,0,1.147,1.109,1.086,7,0,0
6300,0.949,1.122,1.001,0.867,0.981,0.951,0.817,0.949,0,0,1.366,1.224,1.015,1.579,1.356,24,0,1
6301,1.285,0.914,1.1,0.91,1.154,1.095,2.201,1.184,0,0,0,0,1.185,1.997,1.667,69,0,0
6302,0.659,1.018,0.896,1.091,0.803,0.893,0.906,0.799,0,0,0,0,0,0.929,1.2,28,2,1
6303,1.096,0.966,1.01,0.935,1.057,1.001,0.688,1.037,0,0,0,0,0,-0.111,0,28,1,0
6304,1.063,1.051,1.031,0.947,1.027,1.009,0.885,1.056,0,0,0,0,0,0.936,1,28,0,1
6305,0.903,0.876,0.999,0.923,0.861,0.943,0.544,0.918,0,0,0,0,0,1.925,2.2,60,0,0
6306,1.386,1.15,1.07,0.455,1.185,1.088,1.399,1.196,0,0,0,0,1.296,2.142,1.85,3,0,0
6307,0.628,1.056,0.866,0,0,0.838,0,0.723,0,0,0,0.323,0.617,0.056,-0.027,-11,2,1
6308,1.094,1.045,1.041,1.088,1.09,1.055,1.056,1.077,0,0,0,1.042,1.084,0.871,0.81,-11,1,0
6309,0.894,1.159,0.96,0.852,0.967,0.905,0.998,0.901,0,0,0,0.873,0.937,-0.024,-0.041,-11,0,1
6310,0.879,1.12,0.942,0.526,0.808,0.916,0.594,0.864,0,0,0,0,0.839,-0.688,-0.357,11,2,1
6311,0.584,1.034,0.804,0.933,0.837,0.844,0.372,0.74,0,0.948,0.919,0.753,0.767,4.137,4.438,11,1,1
6312,1.245,0.997,1.098,1.103,1.188,1.066,1.209,1.19,0,0,0,0,0,0.188,0.15,-40,0,0
6313,0.958,0.908,1.021,0.768,1.037,0.962,1.132,0.992,0,0,0,0,1.006,0.258,-0.053,-37,1,1
6314,0.814,0.998,0.909,0.69,0.834,0.889,0.613,0.831,0,0,0,1.022,0.864,0.513,0.542,-37,2,0
6315,0.824,1.044,0.92,0.5,0.823,0.923,0.535,0.849,0,0,0,0.686,0.707,0.842,0.865,-37,0,1
6316,0.94,1.214,0.986,0.618,0.859,0.98,0.767,0.956,0,0,0.928,0.967,0.978,0.941,0.956,2,0,1
6317,0.931,0.839,0.977,1.093,0.953,1.037,1.06,0.981,0,0,0,0,0.776,1.2,1.25,-3,2,1
6318,1.245,0.81,1.098,1.313,1.251,1.085,1.41,1.182,0,0,0,0,1.25,4.934,4,-3,1,0
6319,0.972,0.858,0.986,1.018,0.988,1.013,1.124,0.994,0,0,0,0,0.969,1.061,1.098,-3,0,0
6320,1.037,1.024,0.981,0.735,1.014,0.968,0.965,1.002,0,0,0,1.041,1.019,-7.711,-9.6,-102,2,1
6321,0.867,0.868,0.978,0.891,0.937,0.978,0.993,0.952,0,0,0,0.832,0.799,-2.082,-1.9,-102,1,1
6322,1.165,1.039,1.084,0.97,1.152,1.067,1.311,1.13,0,0,0,0,0,8.35,7.6,77,2,0
6323,1.387,1.547,1.25,1.147,1.34,1.216,0,1.346,0,0,0,0,0,7.299,5.6,77,1,0
6324,0.756,0.953,0.96,0,0.824,0.869,0.688,0.814,0,0,0,0,0,1.454,1.838,49,0,1
6325,1.788,1.071,1.121,1.475,1.179,1.271,2.621,1.391,0,0,0,1.649,1.592,-8.188,-8.6,11,0,0
6326,0.656,1.058,0.877,0.921,0.85,0.858,0.462,0.777,0,0,0.642,0.671,0.8,0.677,0.857,-25,1,1
6327,1.009,1.153,1.037,0.95,1.039,0.957,1.422,1.024,0,0,0,0,0,2.007,2.333,31,2,0
6328,1.122,0.998,1.005,1.477,1.243,1.1,1.64,1.149,0,0,0,0,0,1.32,1.136,31,1,0
6329,1.121,0.761,1.021,1.057,1.092,1.038,1.15,1.091,0,0,1.387,0.968,1.222,1.159,1.133,49,0,0
6330,1.113,1.003,1.039,1.145,1.035,1.073,1.079,1.072,0,0,0,0,1.092,0.326,0.1,-16,0,0
6331,1.223,0.869,1.12,1.211,1.199,1.061,1.24,1.171,1.291,1.291,1.161,1.252,1.162,0.677,0.514,23,0,0
6332,1.308,0.961,1.032,1.311,1.17,1.113,0.765,1.169,0,0,0,0,1.041,3.788,3.067,66,2,0
6333,1.324,1.081,1.121,1.103,1.207,1.175,1.407,1.279,0,0,0,0,1.223,3.108,2.3,66,1,0
6334,0.945,1.189,0.957,0.46,0.944,0.914,0.766,0.945,0,0,0,0,0,1.082,1.227,44,2,0
6335,1.26,1.056,1.108,1.016,1.286,1.065,1.37,1.199,0,0,0,0,0,4.505,3.9,44,1,0
6336,1.462,0.721,1.125,1.367,1.27,1.114,1.662,1.281,0,0,0,0,0,3.836,2.6,62,0,0
6337,1.4,0.894,1.09,1.378,1.216,1.134,0.49,1.223,0,0,0.822,1.023,1.086,9.383,7.333,114,0,1
6338,0.944,1.054,1.018,1.034,1.004,0.97,0.917,0.973,0,0,0,0,0.959,3.081,3.043,23,0,1
6339,1.047,0.99,0.992,1,1.05,0.998,1.316,1.027,0,0,0,0,0,0,-0.35,28,0,0
6340,0.628,1.191,0.897,0.937,0.823,0.867,0.484,0.759,0,0,0,0,0,0.8,1.048,-94,0,1
6341,0.93,0.935,0.956,0.905,0.925,0.981,0.896,0.944,0,0.674,0.881,0.927,0.944,1.842,1.833,2,0,0
6342,0.844,1.124,1.041,1.042,1.121,0.904,1.045,0.951,0,0,0.719,0.885,0.853,0.968,1.02,-27,0,1
6343,1.015,0.954,1.005,1.121,1.017,1,1.266,1.004,0,1.08,1.026,0.969,1.015,0.89,0.883,10,0,1
6344,0.606,1.127,0.868,0.588,0.665,0.883,0.589,0.745,0,0,0,0.465,0.561,-2.198,-1.2,-14,2,1
6345,0.959,1.158,0.993,0.875,0.965,0.954,0.561,0.96,0,0,0,0,0.922,1.181,1.1,-14,1,1
6346,1.733,0.937,1.227,1.558,1.457,1.275,1.821,1.441,0,0,0,0,1.48,7.968,5.333,66,1,0
6347,0.853,0.961,0.845,0.774,0.687,0.968,0.977,0.832,0,0,0,0,0.646,0.743,0.88,66,2,1
6348,1.083,0.793,0.983,1.15,1.05,1.033,1.221,1.047,0,0,0,0,0,0.986,0.971,66,0,1
6349,0.951,0.795,0.936,0.9,0.816,0.959,0.637,0.916,0,0,0.902,0.763,0.892,1.014,0.871,59,0,0
6350,0.818,0.888,0.986,1.115,0.919,0.928,0.727,0.883,0.878,0.736,0.845,0.867,0.859,1.271,1.556,9,0,1
6351,0.68,1.153,0.877,1.086,0.743,0.984,0.57,0.809,0,0,0,0,0.429,9.7,12.778,50,1,1
6352,1.027,0.837,0.966,1.18,1.043,1.028,1.12,1.02,0,0,0,0,0.911,3.935,3.947,50,2,0
6353,0.793,0.777,0.916,0.954,0.868,0.957,0.753,0.877,0,0,0,0,0.893,4.073,5,50,0,1
6354,0.86,0.979,0.935,0.833,0.913,0.913,1.048,0.892,0,0,0.576,0.695,0.822,0.855,0.839,12,0,1
6355,1.098,1.032,1.06,1.154,1.02,1.091,1.468,1.101,0,0,0,0,1.281,0.863,0.889,-50,1,1
6356,1.159,0.778,1.097,1.3,1.175,1.063,1.142,1.151,0,0,0,0,1.343,0.692,0.679,-50,2,0
6357,1.047,1.022,1.022,1.035,1.037,1.013,0.886,1.033,0,0,0,0,0,-0.438,-0.433,-50,0,0
6358,1.112,1.048,1.014,0.83,0.992,1.049,1.005,1.061,1.093,1.041,1.042,1.027,1.082,1.242,1.429,34,0,0
6359,1.055,0.9,1.032,0,1.228,1.017,1.67,1.093,0,0,0,0,1.572,3.618,3,12,2,0
6360,1.686,0.731,1.219,1.314,1.151,1.348,0.661,1.371,0,0,0,0,1.214,21.324,16,12,1,0
6361,1.022,1.127,1.033,1.137,0.994,1.008,0.743,1.013,0.875,0.872,0.994,1.032,1.037,1.635,1.63,13,0,1
6362,1.024,0.996,1.055,0.61,1.094,0.946,1.988,1.025,0,0,0,0,0,-2.155,-3,34,2,1
6363,1.34,1.026,1.054,0,1.075,1.159,0,1.161,0,0,0,0,0,2.079,2,34,1,0
6364,2.355,0.936,1.298,1.274,1.585,1.234,0,1.571,0,0,0,0,0,0.584,0.5,34,0,0
6365,0.753,0.8,0.942,1.113,0.805,0.955,0.984,0.831,0,0,0,0,0,-0.474,0.154,-9,2,1
6366,1.043,0.803,0.995,1.22,1.016,1.044,1.476,1.039,0,0,0,0,0,1.137,1.081,-9,1,1
6367,0.974,0.887,0.991,0.97,1.081,0.942,0.86,0.984,0,0,0,0,0,1.714,1.72,-21,1,1
6368,0.707,0.904,0.94,0.839,0.877,0.875,0.431,0.836,0,0,0,0,0,-0.912,-0.692,-21,2,1
6369,1.374,0.896,1.18,1.509,1.212,1.244,0.933,1.276,0,0,0,0,0,1.755,1.467,-12,0,0
6370,0.941,1.156,0.951,0.781,0.928,0.978,1.74,0.953,0,0,0,0,0,-0.281,-0.73,-35,1,1
6371,0.888,0.999,0.983,0.686,0.841,0.858,0.465,0.85,0,0,0,0,0,-0.647,-0.5,-35,2,1
6372,1.612,0.656,1.332,1.861,1.533,1.166,1.493,1.371,0,0,0,0,1.214,22.939,16,102,1,0
6373,1.066,1.147,0.988,0,1.222,0.975,1.616,1.041,0,0,0,0,0.926,3.703,3.75,102,2,0
6374,0.973,1.077,0.939,0.75,0.947,0.954,0.517,0.964,0,0,0,0,1.032,0.465,0.56,55,1,1
6375,0.372,1.016,0.723,0.774,0.396,0.821,1.099,0.47,0,0,0,0,0,-5.397,-2.667,55,2,1
6376,1.239,1.064,1.038,0.8,1.034,1.042,1.277,1.101,1.269,1.227,1.123,1.144,1.101,-0.609,-0.333,2,2,0
6377,1.123,1.01,1.068,1.093,1.092,1.056,0.83,1.109,1.271,1.084,1.092,1.1,1.105,1.629,1.273,2,1,0
6378,1.065,0.919,1.034,1.073,1.043,1.006,0.869,1.036,0.946,1.07,1.038,1.028,1.026,1.136,1.083,2,2,1
6379,0.941,0.904,0.981,1.185,0.996,0.989,1.028,0.97,1.026,1.053,1.079,1.028,0.972,-0.014,-0.143,2,1,1
6380,1.11,0.843,1.05,1.25,1.177,1.011,1.147,1.089,0.989,1.072,1.027,1.033,1.067,1.109,1,2,0,0
6381,1.038,1.053,1.035,0.796,1.021,0.982,1.087,1.015,0,0,1.03,1.083,1.02,0.605,0.4,-11,2,1
6382,0.907,1.014,0.966,0.755,0.944,0.951,0.954,0.943,0.98,0.98,0.988,1.052,0.962,0.617,0.69,-11,1,1
6383,1.341,0.945,1.101,1.091,1.31,1.126,1.811,1.252,0,0,0,0,0,1,1,0,2,0
6384,1.469,0.921,1.175,1.692,1.224,1.392,0,1.399,0,0,0,0,0,2.886,2.615,0,1,0
6385,1.015,1.131,0.97,0.836,1.004,1,1.196,0.996,0,0,1.105,1.069,1.002,0.07,0.182,-16,2,0
6386,1.031,1.173,1,0.797,0.987,0.995,0.984,1.018,0,0,1.152,1.247,1.03,1.242,1.222,-16,1,1
6387,1.029,1.086,0.985,0.898,0.971,0.989,1,0.987,0,0,0.941,0.907,0.86,1.179,1.25,-16,0,1
6388,1.211,1.278,1.118,1.315,1.188,1.067,1.528,1.183,0,0,0,1.698,1.252,1.193,1,-39,1,1
6389,0.802,1.13,0.957,1.032,0.918,0.935,0.863,0.884,0,0,0,0.793,0.789,-0.091,-0.25,-39,2,1
6390,1.261,1.096,1.09,1.016,1.179,1.091,1.495,1.179,0,0,0,1.355,1.266,0.86,0.571,-32,1,1
6391,0.771,1.266,0.938,0.511,0.844,0.93,1.315,0.857,0,0,0,0,0.976,-0.92,-0.5,-32,2,1
6392,1.151,0.955,1.053,1.176,1.058,1.126,1.432,1.137,0,0,0,0,1.268,1.435,1.257,-7,2,0
6393,1.16,0.865,1.048,1.529,1.146,1.1,0.86,1.134,0,0,0,0,1.185,1.241,1.211,-7,1,0
6394,1.013,0.857,0.99,0.932,0.993,0.983,0.945,0.995,0,0,0,0.97,1.084,0.172,-0.115,-19,2,0
6395,0.905,0.927,0.981,1.123,0.932,0.978,0.803,0.942,0,0,0,0.983,0.955,0.802,0.878,-19,1,0
6396,1.562,0.726,1.139,1.442,1.495,1.307,0.924,1.511,0,0,0,0,0,8.855,6,-20,1,0
6397,1.11,0.987,1.021,0.48,1.078,1.034,0.608,1.094,0,0,0,0,0,3.13,3,-20,2,0
6398,0.957,0.97,0.975,0.918,0.932,1.017,0.941,0.976,0,0.755,0.914,0.989,0.968,-3.003,-3.278,-4,2,0
6399,1.008,1.005,0.999,0.943,1.018,1.056,0.942,1.035,1.046,1.046,0.983,1.075,1.048,0.463,0.452,-4,1,0
6400,1.183,1.112,1.052,0.984,1.094,1.111,1.51,1.146,0,0,0,1.594,1.343,3.497,3.143,94,2,0
6401,1.298,0.98,1.084,1.192,1.182,1.071,0.986,1.197,0,0,0,1.162,1.281,2.485,2,94,1,0
6402,0.821,1.04,0.935,0.966,0.875,0.889,0.621,0.84,0,0,0,0,0.975,0.361,0.295,-38,2,1
6403,1.12,1.016,1.081,0.784,1.129,1.011,0.864,1.082,0,0,0,0,1.026,1.018,0.864,-38,1,1
6404,0.778,0.917,0.902,0.638,0.729,0.922,0.621,0.791,0,0,0,0,0.8,-3.812,-2.9,-8,2,1
6405,1.025,1.081,1.028,0.841,1.006,1.032,1.246,1.047,0,0,0,0,1.1,2.387,2.241,-8,1,1
6406,0.662,1.144,0.848,0.564,0.796,0.798,1.052,0.736,0,0,0,0,0,-1.754,-0.846,-74,0,1
6407,1.112,0.995,1.117,0.962,1.133,0.988,0.162,1.086,0,0,0,0,0,2.066,1.769,22,0,0
6408,0.897,0.729,0.969,0.921,0.833,0.996,0.569,0.912,0,0,0,0.978,1.043,2.693,2.6,44,2,1
6409,1.122,0.856,1.039,0.952,1.062,1.034,0.921,1.082,0,0,0,1.101,1.146,3.325,3.286,44,1,0
6410,1.037,0.768,0.993,0.881,1.032,0.992,1.295,1.009,0,0,0,1.152,1.167,2.504,2.375,44,0,0
6411,0.499,1.266,0.835,0,0.761,0.794,0,0.71,0,0,0.71,0.71,0.71,0.791,1,5,0,1
6412,-0.489,1.112,0.536,0.333,0.117,0.533,0,0.163,0,0,0.163,0.163,0.163,0.447,1,5,0,1
6413,0.934,1.009,0.97,1.115,1.004,0.949,0.903,0.952,0,1.173,1.104,0.965,0.934,0.58,0.75,1,2,1
6414,0.957,0.97,0.992,0.946,0.958,0.98,1.15,0.979,0,0.826,0.923,0.996,0.984,0.32,0.4,1,1,1
6415,1.068,0.826,0.965,1.164,0.981,1.076,1.009,1.036,0,0,0,0,0,-2.793,-2.5,-50,2,0
6416,0.894,0.939,0.967,0.978,1.002,0.944,2.018,0.973,0,0,0,0,0.989,0.333,0.6,-50,1,1
6417,0.931,1.023,0.984,1,0.968,0.96,0.604,0.954,0,0,0,0,0,-0.828,-0.72,-50,0,1
6418,1.119,1.235,1.068,1.034,1.313,1.096,4.66,1.161,0,0,0,0,0,0.465,0.222,86,2,0
6419,0.969,1.148,0.971,0.547,0.904,0.993,0,0.955,0,0,0,0,0,1.463,1.8,86,1,1
6420,-0.681,0.788,0.712,0,0.401,0.435,0,0.179,0,0,0,0,0,-1.202,0.125,86,0,1
6421,0.969,1.001,0.993,1.189,1,1.015,0.82,0.975,0,0.828,0.976,0.956,0.996,0.6,0.5,13,2,0
6422,0.967,1.168,1.01,0.964,1.017,0.988,1.35,0.992,1.073,0.923,0.998,1.014,1.012,1.499,1.571,13,1,1
6423,0.792,1.119,0.896,0.578,0.683,0.931,0.391,0.815,0.392,0.764,0.774,0.831,0.831,0.535,0.778,13,0,0
6424,0.839,0.946,0.953,0.851,0.885,0.982,0.257,0.869,0,0,0,0,1.007,2.918,3.5,120,2,0
6425,1.181,0.929,1.059,0.746,1.194,0.988,1.205,1.103,0,0,0,0,1.319,8.698,8.5,120,1,0
6426,0.827,1.079,0.996,0.722,0.829,0.884,0.214,0.858,0,0,0,0,0,2.657,3,-58,2,1
6427,1.685,1.114,1.261,1.179,1.275,1.258,0.46,1.505,0,0,0,0,0,3.641,3,-58,1,0
6428,0.623,0.705,0.884,0.871,0.726,0.929,1.704,0.768,0,0,0,0,0,-0.318,0,-58,0,1
6429,0.882,0.872,0.999,0.952,0.922,0.94,0.772,0.907,0,0.516,0.818,0.878,0.902,0.493,0.541,-6,2,0
6430,0.871,0.85,0.975,1.016,0.95,0.927,0.743,0.898,1.089,0.897,0.907,0.923,0.934,0.828,0.716,-6,1,1
